real_a,real_b,real_c,signed_a,signed_b,signed_c,corr_a,corr_b,corr_c,household_a,household_b,household_c,desired_avail,worst,o_raw,pub,fve_offset_kw,vitals_a,vitals_b,vitals_c,vitals_vehicle,contactor_closed,car_charging
1.23,1.56,1.50,1.23,1.56,1.50,10.00,10.10,10.10,-8.77,-8.54,-8.60,8.64,10.10,17.46,17.05,0.00,10.00,10.10,10.10,9.10,1,1
1.23,1.56,1.50,1.23,1.56,-1.00,10.00,10.10,10.10,-8.77,-8.54,-11.10,8.64,10.10,17.46,17.04,0.00,10.00,10.10,10.10,9.10,1,1
1.02,1.56,1.50,1.02,1.56,-1.00,10.00,10.10,10.10,-8.98,-8.54,-11.10,8.65,10.10,17.45,17.04,0.00,10.00,10.10,10.10,9.10,1,1
1.02,1.56,1.50,1.02,1.56,-1.00,10.00,10.10,10.10,-8.98,-8.54,-11.10,8.95,10.10,17.15,16.81,0.00,10.00,10.10,10.10,9.10,1,1
1.02,1.56,1.50,-1.00,1.56,-1.00,10.00,10.10,10.10,-11.00,-8.54,-11.10,8.96,10.10,17.14,16.81,0.00,10.00,10.10,10.10,9.10,1,1
1.02,0.92,1.50,-1.00,0.92,-1.00,10.00,10.10,10.10,-11.00,-9.18,-11.10,8.98,10.10,17.12,16.79,0.00,10.00,10.10,10.10,9.10,1,1
1.02,0.92,1.50,-1.00,0.92,-1.00,10.00,10.10,10.10,-11.00,-9.18,-11.10,9.01,10.10,17.09,16.77,0.00,10.00,10.10,10.10,9.10,1,1
1.02,0.92,1.00,-1.00,0.92,-1.00,10.00,10.10,10.10,-11.00,-9.18,-11.10,9.55,10.10,16.55,16.36,0.00,10.00,10.10,10.10,9.10,1,1
1.02,0.92,1.00,-1.00,0.92,-1.00,10.00,10.10,10.10,-11.00,-9.18,-11.10,9.60,10.10,16.50,16.32,0.00,10.00,10.10,10.10,9.10,1,1
1.50,0.92,1.00,-1.00,0.92,-1.00,10.00,10.10,10.10,-11.00,-9.18,-11.10,9.65,10.10,16.45,16.29,0.00,10.00,10.10,10.10,9.10,1,1
1.50,0.92,1.00,-1.00,0.92,-1.00,10.00,10.10,10.10,-11.00,-9.18,-11.10,9.95,10.10,16.15,16.06,0.00,10.00,10.10,10.10,9.10,1,1
1.50,0.92,1.00,-1.00,0.92,-1.00,10.00,10.10,10.10,-11.00,-9.18,-11.10,9.96,10.10,16.14,16.06,0.00,10.00,10.10,10.10,9.10,1,1
1.50,1.04,1.00,-1.00,1.04,-1.00,10.00,10.10,10.10,-11.00,-9.06,-11.10,9.99,10.10,16.11,16.05,0.00,10.00,10.10,10.10,9.10,1,1
1.50,1.04,1.00,-1.00,-1.00,-1.00,8.10,8.10,8.10,-9.10,-9.10,-9.10,9.76,8.10,14.34,14.39,0.00,8.10,8.10,8.10,8.10,1,1
1.50,1.04,1.23,-1.00,-1.00,-1.00,8.10,8.10,8.10,-9.10,-9.10,-9.10,9.37,8.10,14.73,14.68,0.00,8.10,8.10,8.10,8.10,1,1
1.50,1.04,1.23,-1.00,-1.00,1.23,8.10,8.10,8.10,-9.10,-9.10,-6.88,9.36,8.10,14.74,14.69,0.00,8.10,8.10,8.10,8.10,1,1
1.64,1.04,1.23,-1.00,-1.00,1.23,8.10,8.10,8.10,-9.10,-9.10,-6.88,9.32,8.10,14.78,14.73,0.00,8.10,8.10,8.10,8.10,1,1
1.64,1.04,1.23,-1.00,-1.00,1.23,8.10,8.10,8.10,-9.10,-9.10,-6.88,9.03,8.10,15.07,15.02,0.00,8.10,8.10,8.10,8.10,1,1
1.64,1.04,1.23,-1.00,-1.00,1.23,8.10,8.10,8.10,-9.10,-9.10,-6.88,9.01,8.10,15.09,15.04,0.00,8.10,8.10,8.10,8.10,1,1
1.64,1.04,1.23,-1.00,-1.00,1.23,8.10,8.10,8.10,-9.10,-9.10,-6.88,8.98,8.10,15.12,15.07,0.00,8.10,8.10,8.10,8.10,1,1
1.64,1.04,1.23,-1.00,-1.00,1.23,8.10,8.10,8.10,-9.10,-9.10,-6.88,8.94,8.10,15.16,15.11,0.00,8.10,8.10,8.10,8.10,1,1
1.64,1.04,9.21,-1.00,-1.00,9.21,8.10,8.10,9.21,-9.10,-9.10,1.11,8.30,9.21,16.91,16.64,0.00,8.10,8.10,8.10,8.10,1,1
1.64,1.04,9.21,-1.00,-1.00,9.21,8.10,8.10,9.21,-9.10,-9.10,1.11,8.30,9.21,16.92,16.64,0.00,8.10,8.10,8.10,8.10,1,1
1.36,1.04,9.21,-1.00,-1.00,9.21,8.10,8.10,9.21,-9.10,-9.10,1.11,8.29,9.21,16.92,16.64,0.00,8.10,8.10,8.10,8.10,1,1
1.36,1.04,9.21,-1.00,-1.00,9.21,8.10,8.10,9.21,-9.10,-9.10,1.11,8.03,9.21,17.19,16.84,0.00,8.10,8.10,8.10,8.10,1,1
1.36,1.04,9.21,-1.00,-1.00,9.21,8.10,8.10,9.21,-9.10,-9.10,1.11,8.00,9.21,17.22,16.86,0.00,8.10,8.10,8.10,8.10,1,1
1.36,0.90,9.21,-1.00,-0.00,9.21,8.10,8.10,9.21,-9.10,-8.10,1.11,7.98,9.21,17.24,16.88,0.00,8.10,8.10,8.10,8.10,1,1
1.36,0.90,9.21,-1.00,-0.00,9.21,8.30,8.30,9.21,-9.30,-8.30,0.91,7.76,9.21,17.46,17.14,0.00,8.30,8.30,8.30,8.90,1,1
1.36,0.90,9.66,-1.00,-0.00,9.66,8.30,8.30,9.66,-9.30,-8.30,1.36,7.35,9.66,18.31,17.15,0.00,8.30,8.30,8.30,8.90,1,1
1.36,0.90,9.66,-1.00,-0.00,9.66,8.30,8.30,9.66,-9.30,-8.30,1.36,7.34,9.66,18.31,17.15,0.00,8.30,8.30,8.30,8.90,1,1
1.07,0.90,9.66,-1.00,-0.00,9.66,8.30,8.30,9.66,-9.30,-8.30,1.36,7.31,9.66,18.35,17.15,0.00,8.30,8.30,8.30,8.90,1,1
1.07,0.90,9.66,-1.00,-0.00,9.66,8.30,8.30,9.66,-9.30,-8.30,1.36,7.03,9.66,18.63,17.15,0.00,8.30,8.30,8.30,8.90,1,1
1.07,0.90,9.66,-1.00,-0.00,9.66,8.30,8.30,9.66,-9.30,-8.30,1.36,7.00,9.66,18.66,17.15,0.00,8.30,8.30,8.30,8.90,1,1
1.07,0.90,9.66,-1.00,-0.00,9.66,8.30,8.30,9.66,-9.30,-8.30,1.36,6.97,9.66,18.68,17.15,0.00,8.30,8.30,8.30,8.90,1,1
1.07,0.90,9.66,-1.00,0.90,9.66,8.30,8.30,9.66,-9.30,-7.40,1.36,6.92,9.66,18.73,17.25,0.00,8.30,8.30,8.30,8.90,1,1
1.07,0.90,9.41,-1.00,0.90,9.41,8.30,8.30,9.41,-9.30,-7.40,1.11,6.32,9.41,19.09,17.15,0.00,8.30,8.30,8.30,8.90,1,1
1.07,0.90,9.41,-1.00,0.90,9.41,8.30,8.30,9.41,-9.30,-7.40,1.11,6.32,9.41,19.09,17.15,0.00,8.30,8.30,8.30,8.90,1,1
1.13,0.90,9.41,-1.00,0.90,9.41,8.30,8.30,9.41,-9.30,-7.40,1.11,6.21,9.41,19.20,17.15,0.00,8.30,8.30,8.30,8.90,1,1
1.13,0.90,9.41,-1.00,0.90,9.41,8.30,8.30,9.41,-9.30,-7.40,1.11,6.03,9.41,19.38,17.15,0.00,8.30,8.30,8.30,8.90,1,1
1.13,0.90,9.41,-1.00,0.90,9.41,8.30,8.30,9.41,-9.30,-7.40,1.11,5.99,9.41,19.42,17.15,0.00,8.30,8.30,8.30,8.90,1,1
1.13,0.92,9.41,-1.00,0.92,9.41,8.30,8.30,9.41,-9.30,-7.38,1.11,5.97,9.41,19.44,17.15,0.00,8.30,8.30,8.30,8.90,1,1
1.13,0.92,9.41,-1.00,0.92,9.41,9.10,9.10,9.41,-10.10,-8.18,0.31,5.99,9.41,19.42,17.25,0.00,9.10,9.10,9.10,8.10,1,1
1.13,0.92,8.33,-1.00,0.92,8.33,9.10,9.10,9.10,-10.10,-8.18,-0.77,6.35,9.10,18.75,17.15,0.00,9.10,9.10,9.10,8.10,1,1
1.13,0.92,8.33,-1.00,0.92,8.33,9.10,9.10,9.10,-10.10,-8.18,-0.77,6.35,9.10,18.75,17.15,0.00,9.10,9.10,9.10,8.10,1,1
1.75,0.92,8.33,-1.00,0.92,8.33,9.10,9.10,9.10,-10.10,-8.18,-0.77,6.35,9.10,18.75,17.15,0.00,9.10,9.10,9.10,8.10,1,1
1.75,0.92,8.33,-1.00,0.92,8.33,9.10,9.10,9.10,-10.10,-8.18,-0.77,6.35,9.10,18.75,17.15,0.00,9.10,9.10,9.10,8.10,1,1
1.75,0.92,8.33,-1.00,0.92,8.33,9.10,9.10,9.10,-10.10,-8.18,-0.77,6.35,9.10,18.75,17.15,0.00,9.10,9.10,9.10,8.10,1,1
1.75,1.18,8.33,-1.00,1.18,8.33,9.10,9.10,9.10,-10.10,-7.92,-0.77,6.33,9.10,18.77,17.15,0.00,9.10,9.10,9.10,8.10,1,1
1.75,1.18,8.33,-1.00,-1.00,8.33,9.10,9.10,9.10,-10.10,-10.10,-0.77,6.38,9.10,18.72,17.25,0.00,9.10,9.10,9.10,8.10,1,1
1.75,1.18,7.39,-1.00,-1.00,7.39,9.10,9.10,9.10,-10.10,-10.10,-1.71,6.98,9.10,18.12,17.15,0.00,9.10,9.10,9.10,8.10,1,1
1.75,1.18,7.39,-1.00,-1.00,7.39,9.10,9.10,9.10,-10.10,-10.10,-1.71,6.99,9.10,18.11,17.15,0.00,9.10,9.10,9.10,8.10,1,1
2.61,1.18,7.39,-2.00,-1.00,7.39,9.10,9.10,9.10,-11.10,-10.10,-1.71,7.14,9.10,17.96,17.15,0.00,9.10,9.10,9.10,8.10,1,1
2.61,1.18,7.39,-2.00,-1.00,7.39,9.10,9.10,9.10,-11.10,-10.10,-1.71,7.27,9.10,17.83,17.15,0.00,9.10,9.10,9.10,8.10,1,1
2.61,1.18,7.39,-2.00,-1.00,7.39,9.10,9.10,9.10,-11.10,-10.10,-1.71,7.32,9.10,17.78,17.15,0.00,9.10,9.10,9.10,8.10,1,1
2.61,2.02,7.39,-2.00,-2.00,7.39,7.10,7.10,7.39,-9.10,-9.10,0.29,7.07,7.39,16.32,16.29,0.00,7.10,7.10,7.10,6.10,1,1
2.61,2.02,7.39,-2.00,-2.00,7.39,7.10,7.10,7.39,-9.10,-9.10,0.29,7.07,7.39,16.32,16.29,0.00,7.10,7.10,7.10,6.10,1,1
2.61,2.02,6.55,-2.00,-2.00,6.55,7.10,7.10,7.10,-9.10,-9.10,-0.55,6.59,7.10,16.51,16.33,0.00,7.10,7.10,7.10,6.10,1,1
2.61,2.02,6.55,-2.00,-2.00,6.55,7.10,7.10,7.10,-9.10,-9.10,-0.55,6.59,7.10,16.51,16.33,0.00,7.10,7.10,7.10,6.10,1,1
3.43,2.02,6.55,-3.00,-2.00,6.55,7.10,7.10,7.10,-10.10,-9.10,-0.55,6.58,7.10,16.52,16.34,0.00,7.10,7.10,7.10,6.10,1,1
3.43,2.02,6.55,-3.00,-2.00,6.55,7.10,7.10,7.10,-10.10,-9.10,-0.55,6.58,7.10,16.52,16.34,0.00,7.10,7.10,7.10,6.10,1,1
3.43,2.02,6.55,-3.00,-2.00,6.55,7.10,7.10,7.10,-10.10,-9.10,-0.55,6.58,7.10,16.52,16.44,0.00,7.10,7.10,7.10,6.10,1,1
3.43,2.77,6.55,-3.00,-2.00,6.55,7.10,7.10,7.10,-10.10,-9.10,-0.55,6.58,7.10,16.52,16.44,0.00,7.10,7.10,7.10,6.10,1,1
3.43,2.77,6.55,-3.00,-2.00,6.55,7.10,7.10,7.10,-10.10,-9.10,-0.55,6.58,7.10,16.52,16.44,0.00,7.10,7.10,7.10,6.10,1,1
3.43,2.77,6.78,-3.00,-2.00,6.78,7.10,7.10,7.10,-10.10,-9.10,-0.32,6.51,7.10,16.59,16.39,0.00,7.10,7.10,7.10,6.10,1,1
3.43,2.77,6.78,-3.00,-2.00,6.78,7.10,7.10,7.10,-10.10,-9.10,-0.32,6.51,7.10,16.59,16.39,0.00,7.10,7.10,7.10,6.10,1,1
3.32,2.77,6.78,-3.00,-2.00,6.78,7.10,7.10,7.10,-10.10,-9.10,-0.32,6.51,7.10,16.59,16.39,0.00,7.10,7.10,7.10,6.10,1,1
3.32,2.77,6.78,-3.00,-2.00,6.78,7.10,7.10,7.10,-10.10,-9.10,-0.32,6.51,7.10,16.59,16.39,0.00,7.10,7.10,7.10,6.10,1,1
3.32,2.77,6.78,-3.00,-2.00,6.78,6.10,6.10,6.78,-9.10,-8.10,0.68,6.23,6.78,16.54,16.46,0.00,6.10,6.10,6.10,6.00,1,1
3.32,2.65,6.78,-3.00,-2.00,6.78,6.10,6.10,6.78,-9.10,-8.10,0.68,6.23,6.78,16.55,16.46,0.00,6.10,6.10,6.10,6.00,1,1
3.32,2.65,6.78,-3.00,-2.00,6.78,6.10,6.10,6.78,-9.10,-8.10,0.68,6.22,6.78,16.55,16.47,0.00,6.10,6.10,6.10,6.00,1,1
